City_ID,City,Country,Lat,Lng,Max Temp,Humidity,Cloudiness,Wind Speed,Current Description
0,Alofi,NU,-19.0595,-169.9187,71.49,100,40,2.3,scattered clouds
1,Limbang,MY,4.75,115.0,80.71,98,100,2.1,overcast clouds
2,Jamestown,US,42.097,-79.2353,72.05,58,39,3.0,scattered clouds
3,La Ronge,CA,55.1001,-105.2842,61.02,82,75,5.75,broken clouds
4,Geraldton,AU,-28.7667,114.6,57.61,82,75,5.75,broken clouds
5,Hilo,US,19.7297,-155.09,74.28,78,0,9.22,clear sky
6,Aguimes,ES,27.9054,-15.4461,74.66,64,20,25.32,few clouds
7,Busselton,AU,-33.65,115.3333,59.22,73,90,6.76,overcast clouds
8,Ushuaia,AR,-54.8,-68.3,42.46,100,75,10.36,broken clouds
9,Yulara,AU,-25.2406,130.9889,57.04,36,1,3.58,clear sky
10,Kirakira,SB,-10.4544,161.9205,79.95,84,100,8.41,overcast clouds
11,Kapaa,US,22.0752,-159.319,74.12,98,100,12.66,moderate rain
12,Punta Arenas,CL,-53.15,-70.9167,44.71,81,0,16.11,clear sky
13,Atuona,PF,-9.8,-139.0333,77.5,70,68,19.22,light rain
14,Mahebourg,MU,-20.4081,57.7,73.69,68,40,14.97,scattered clouds
15,Fuxin,CN,42.0156,121.6589,62.29,89,99,6.04,overcast clouds
16,Los Llanos De Aridane,ES,28.6585,-17.9182,71.35,78,100,5.99,overcast clouds
17,Rikitea,PF,-23.1203,-134.9692,72.84,66,0,11.43,clear sky
18,Yellowknife,CA,62.456,-114.3525,61.32,72,20,4.61,few clouds
19,Castro,BR,-24.7911,-50.0119,56.91,53,0,5.19,clear sky
20,Albany,US,42.6001,-73.9662,76.3,68,61,1.01,broken clouds
21,Lensk,RU,60.7253,114.9278,52.77,73,9,2.8,clear sky
22,Avarua,CK,-21.2078,-159.775,73.45,78,92,3.44,overcast clouds
23,Cape Town,ZA,-33.9258,18.4232,58.1,94,100,14.97,heavy intensity rain
24,Junin,AR,-34.5838,-60.9433,61.2,35,36,14.52,scattered clouds
25,Vanino,RU,49.0869,140.2543,47.48,93,1,2.91,clear sky
26,Namibe,AO,-15.1961,12.1522,77.63,65,0,17.27,clear sky
27,Pisco,PE,-13.7,-76.2167,60.03,88,100,3.44,mist
28,Maumere,ID,-8.6199,122.2111,77.88,79,100,7.78,overcast clouds
29,Hobart,AU,-42.8794,147.3294,42.66,90,90,6.91,overcast clouds
30,Tuktoyaktuk,CA,69.4541,-133.0374,32.0,100,100,6.91,mist
31,Bredasdorp,ZA,-34.5322,20.0403,59.04,78,100,5.44,overcast clouds
32,San Patricio,US,28.017,-97.5169,87.69,38,63,17.56,broken clouds
33,Mataura,NZ,-46.1927,168.8643,47.48,93,98,12.71,light rain
34,Saint-Augustin,CA,51.226,-58.6502,61.72,56,83,8.19,broken clouds
35,Warwick,US,41.7001,-71.4162,79.72,76,75,5.75,broken clouds
36,Ahipara,NZ,-35.1667,173.1667,57.38,66,37,16.28,scattered clouds
37,Itarema,BR,-2.9248,-39.9167,83.97,67,11,12.26,few clouds
38,Butaritari,KI,3.0707,172.7902,81.45,71,66,11.68,broken clouds
39,Amapa,BR,1.0,-52.0,86.14,51,17,3.8,few clouds
40,Port Alfred,ZA,-33.5906,26.891,77.18,36,100,1.01,overcast clouds
41,Vaini,TO,-21.2,-175.2,75.36,100,20,3.44,few clouds
42,Khatanga,RU,71.9667,102.5,67.89,37,100,5.79,overcast clouds
43,Ponta Do Sol,PT,32.6667,-17.1,77.72,61,37,4.16,scattered clouds
44,Tan An,VN,10.5333,106.4167,84.22,87,96,6.24,overcast clouds
45,Bubaque,GW,11.2833,-15.8333,80.04,82,14,9.69,few clouds
46,Margate,GB,51.3813,1.3862,68.88,56,15,5.01,few clouds
47,Pevek,RU,69.7008,170.3133,31.35,80,54,0.83,broken clouds
48,Poum,NC,-20.2333,164.0167,74.08,89,100,13.67,overcast clouds
49,Nhulunbuy,AU,-12.2333,136.7667,75.81,78,67,9.22,broken clouds
50,Skjervoy,NO,70.0311,20.9714,48.2,82,70,6.87,broken clouds
51,Barrow,US,71.2906,-156.7887,30.22,93,0,10.36,clear sky
52,Paita,PE,-5.0892,-81.1144,67.37,73,31,10.11,scattered clouds
53,Udachnyy,RU,66.4167,112.4,66.45,39,9,6.06,clear sky
54,Faya,SA,18.3851,42.4509,82.51,32,34,9.28,scattered clouds
55,Beba,CU,22.4437,-79.7253,84.99,69,6,6.04,clear sky
56,Azul,AR,-36.777,-59.8585,57.92,42,89,12.15,overcast clouds
57,Puerto Escondido,MX,15.85,-97.0667,77.83,73,100,9.22,overcast clouds
58,Manawar,IN,22.2333,75.0833,88.54,55,58,11.99,broken clouds
59,Verkhnevilyuysk,RU,63.4453,120.3167,50.61,92,100,4.63,overcast clouds
60,Saint-Philippe,RE,-21.3585,55.7679,72.99,76,56,14.65,broken clouds
61,Mikhaylovka,RU,50.06,43.2379,82.71,45,20,6.8,few clouds
62,Loubomo,CG,-4.1997,12.6739,87.22,40,9,5.77,clear sky
63,Esperance,AU,-33.8667,121.9,59.88,82,88,24.05,light rain
64,Arraial Do Cabo,BR,-22.9661,-42.0278,69.76,64,40,21.85,scattered clouds
65,Sur,OM,22.5667,59.5289,86.95,65,0,16.04,clear sky
66,Norman Wells,CA,65.282,-126.8329,42.84,93,100,12.66,light intensity drizzle
67,Luena,AO,-11.7833,19.9167,80.78,54,0,0.0,clear sky
68,Hermanus,ZA,-34.4187,19.2345,57.79,89,100,7.52,moderate rain
69,Ascension,US,30.2169,-90.9001,89.19,74,0,4.61,clear sky
70,Bluff,NZ,-46.6,168.3333,47.8,75,100,36.89,light rain
71,Labuhan,ID,-6.8844,112.2051,79.03,85,100,7.43,overcast clouds
72,Yar-Sale,RU,66.8333,70.8333,47.05,74,91,20.2,overcast clouds
73,Sarauli,IN,28.5,79.1,105.28,14,30,9.95,scattered clouds
74,Yeppoon,AU,-23.1333,150.7333,47.98,73,0,6.53,clear sky
75,Mayskiy,RU,47.6931,40.1025,85.41,38,1,11.14,clear sky
76,Ocho Rios,JM,18.4025,-77.1048,83.8,66,100,14.76,overcast clouds
77,Bambous Virieux,MU,-20.3428,57.7575,73.65,68,40,14.97,scattered clouds
78,Provideniya,RU,64.3833,-173.3,35.4,93,100,4.79,light rain
79,Hasaki,JP,35.7333,140.8333,63.28,75,100,12.44,overcast clouds
80,Bulgan,MN,48.8125,103.5347,65.32,44,64,2.04,broken clouds
81,Nyurba,RU,63.2842,118.3319,50.58,90,92,2.37,light rain
82,Balaipungut,ID,1.05,101.2833,75.38,96,100,2.73,overcast clouds
83,Itaquyry,PY,-24.9333,-55.2167,59.56,48,0,3.69,clear sky
84,Port Said,EG,31.2565,32.2841,80.58,69,0,9.22,clear sky
85,Upington,ZA,-28.4478,21.2561,80.98,19,20,18.41,few clouds
86,Gardner,US,42.5751,-71.9981,76.62,66,20,10.36,few clouds
87,Mahibadhoo,MV,3.7833,72.9667,83.57,74,100,6.33,overcast clouds
88,Talara,PE,-4.5772,-81.2719,65.16,82,100,18.41,overcast clouds
89,Mount Gambier,AU,-37.8333,140.7667,43.75,85,89,6.6,overcast clouds
90,Bethel,US,41.3712,-73.414,79.47,72,0,4.61,clear sky
91,Tymovskoye,RU,50.8456,142.655,48.52,98,49,6.8,scattered clouds
92,Piacabucu,BR,-10.4056,-36.4344,82.35,69,14,3.71,few clouds
93,Campoverde,PE,-8.4753,-74.8058,73.09,57,18,4.03,few clouds
94,Chokurdakh,RU,70.6333,147.9167,58.14,35,0,9.64,clear sky
95,Lebu,CL,-37.6167,-73.65,51.8,77,100,7.67,light rain
96,Liverpool,GB,53.4106,-2.9779,64.29,61,75,10.36,broken clouds
97,Le Mars,US,42.7942,-96.1656,83.57,88,100,11.5,mist
98,Quelimane,MZ,-17.8786,36.8883,76.95,69,75,5.75,broken clouds
99,Berlevag,NO,70.8578,29.0864,48.0,86,100,17.85,overcast clouds
100,Nouadhibou,MR,20.931,-17.0347,75.18,64,0,23.02,sand
101,Jacareacanga,BR,-6.2222,-57.7528,79.7,72,97,2.48,overcast clouds
102,Vao,NC,-22.6667,167.4833,71.53,70,100,12.21,moderate rain
103,Mawlaik,MM,23.6333,94.4167,81.18,79,73,1.52,broken clouds
104,Ossora,RU,59.2353,163.0719,45.09,84,99,5.75,overcast clouds
105,Stornoway,GB,58.2093,-6.3865,55.04,84,75,12.66,broken clouds
106,Portland,US,45.5234,-122.6762,54.0,85,75,4.61,broken clouds
107,Chara,RU,56.9064,118.2631,56.48,49,100,2.82,overcast clouds
108,Vanimo,PG,-2.6741,141.3028,77.94,87,20,6.49,few clouds
109,Antofagasta,CL,-23.65,-70.4,66.22,56,37,7.83,scattered clouds
110,Placido De Castro,BR,-10.3353,-67.1856,74.79,40,76,4.83,broken clouds
111,Carutapera,BR,-1.195,-46.02,83.88,70,18,7.78,few clouds
112,Ancud,CL,-41.8697,-73.8203,51.22,93,100,11.03,light rain
113,Lyubech,UA,51.7026,30.6569,78.06,51,16,7.05,few clouds
114,Lavrentiya,RU,65.5833,-171.0,36.59,68,90,8.43,overcast clouds
115,Tutoia,BR,-2.7619,-42.2744,84.94,63,21,8.19,few clouds
116,Hithadhoo,MV,-0.6,73.0833,83.86,71,60,5.32,broken clouds
117,Bintulu,MY,3.1667,113.0333,75.61,94,20,3.44,few clouds
118,Concepcion,CL,-36.827,-73.0498,46.2,87,100,4.61,overcast clouds
119,Hendek,TR,40.7994,30.7481,74.73,68,39,5.37,scattered clouds
120,Dikson,RU,73.5069,80.5464,30.38,87,100,13.78,overcast clouds
121,Rehoboth,NA,-23.3167,17.0833,70.27,27,0,22.91,clear sky
122,Hervey Bay,AU,-25.2986,152.8535,64.04,77,51,8.81,broken clouds
123,Cabo San Lucas,MX,22.8909,-109.9124,85.6,69,19,1.01,few clouds
124,Grindavik,IS,63.8424,-22.4338,53.55,100,75,20.71,light rain
125,Linxia,CN,35.6003,103.2064,56.91,32,0,6.53,clear sky
126,Baculin,PH,7.4525,126.5842,78.64,85,94,6.44,overcast clouds
127,Katsuura,JP,35.1333,140.3,65.12,72,100,12.5,overcast clouds
128,Lata,PT,40.1629,-8.3327,79.81,23,49,10.16,scattered clouds
129,Qaanaaq,GL,77.484,-69.3632,30.15,60,0,1.86,clear sky
130,Iqaluit,CA,63.7506,-68.5145,38.93,86,40,5.75,scattered clouds
131,Nikolskoye,RU,59.7035,30.7861,66.78,60,85,4.61,overcast clouds
132,East London,ZA,-33.0153,27.9116,83.34,24,0,10.36,clear sky
133,Juneau,US,58.3019,-134.4197,50.22,97,100,4.61,light rain
134,Chiang Khong,TH,20.2613,100.4046,74.93,96,100,1.79,overcast clouds
135,Muros,ES,42.7762,-9.0603,89.1,54,15,4.45,few clouds
136,Ramshir,IR,30.8946,49.4092,111.06,8,0,11.99,clear sky
137,Birao,CF,10.2849,22.7882,93.31,37,95,9.64,overcast clouds
138,Ardalstangen,NO,61.2371,7.6983,50.72,96,100,5.3,overcast clouds
139,Asau,RO,46.4333,26.4,79.29,67,25,1.48,scattered clouds
140,Rocha,UY,-34.4833,-54.3333,59.88,63,6,6.85,clear sky
141,Kruisfontein,ZA,-34.0033,24.7314,65.88,42,100,3.78,overcast clouds
142,Lantawan,PH,10.6167,123.9833,80.29,78,96,2.75,overcast clouds
143,Emerald,AU,-23.5333,148.1667,46.35,73,0,10.22,clear sky
144,Klaksvik,FO,62.2266,-6.589,50.92,97,100,10.67,overcast clouds
145,Thompson,CA,55.7435,-97.8558,66.36,68,20,2.3,few clouds
146,Phan Thiet,VN,10.9333,108.1,79.88,87,76,4.27,broken clouds
147,Langsa,ID,4.4683,97.9683,76.21,94,23,1.79,few clouds
148,Kavieng,PG,-2.5744,150.7967,81.77,73,11,14.79,few clouds
149,Baykit,RU,61.67,96.37,60.12,78,83,3.2,broken clouds
150,Waingapu,ID,-9.6567,120.2641,75.33,79,100,8.66,overcast clouds
151,Manturovo,RU,58.3353,44.7619,69.51,48,42,3.78,scattered clouds
152,Camacari,BR,-12.6975,-38.3242,85.77,59,39,6.13,scattered clouds
153,Bilma,NE,18.6853,12.9164,109.36,7,4,10.42,clear sky
154,Kikwit,CD,-5.041,18.8162,92.48,30,100,1.21,overcast clouds
155,Mattru,SL,7.6244,-11.8332,80.78,85,99,5.53,moderate rain
156,New Norfolk,AU,-42.7826,147.0587,42.3,86,98,3.36,overcast clouds
157,Upernavik,GL,72.7868,-56.1549,31.32,80,100,5.61,overcast clouds
158,Kinsale,IE,51.7075,-8.5306,63.23,62,75,8.05,broken clouds
159,Hambantota,LK,6.1241,81.1185,82.74,83,40,4.61,scattered clouds
160,Kaitangata,NZ,-46.2817,169.8464,44.26,83,81,19.91,light rain
161,Luau,AO,-10.7073,22.2247,82.26,22,7,1.66,clear sky
162,Cayenne,GF,4.9333,-52.3333,86.09,33,75,3.44,broken clouds
163,Puerto Narino,CO,-3.7703,-70.3831,72.93,75,100,3.76,overcast clouds
164,Rovaniemi,FI,66.5,25.7167,63.81,55,99,11.5,moderate rain
165,Kalmunai,LK,7.4167,81.8167,82.89,76,88,2.35,overcast clouds
166,Rio Grande,BR,-32.035,-52.0986,60.91,80,100,5.66,overcast clouds
167,Sao Miguel Do Araguaia,BR,-13.275,-50.1628,89.42,32,45,6.13,scattered clouds
168,Tasiilaq,GL,65.6145,-37.6368,37.56,98,100,8.25,moderate rain
169,Girau Do Ponciano,BR,-9.8842,-36.8289,81.18,67,22,3.33,few clouds
170,Esso,RU,55.9333,158.7,40.91,99,100,3.53,overcast clouds
171,Ugoofaaru,MV,5.6667,73.0,83.26,76,18,9.6,few clouds
172,Maceio,BR,-9.6658,-35.7353,85.44,61,40,5.75,scattered clouds
173,Luderitz,NA,-26.6481,15.1594,61.36,78,100,15.88,overcast clouds
174,Komsomolskiy,UZ,40.4272,71.7189,79.52,34,100,16.11,overcast clouds
175,Dickinson,US,29.4608,-95.0513,91.09,72,1,7.0,clear sky
176,Bambanglipuro,ID,-7.95,110.2833,76.95,87,100,3.42,moderate rain
177,Mount Darwin,ZW,-16.7725,31.5838,68.45,39,3,4.16,clear sky
178,High Level,CA,58.5169,-117.136,55.51,67,40,0.0,scattered clouds
179,Junagadh,IN,21.5167,70.4667,86.14,63,16,9.64,few clouds
180,Cidreira,BR,-30.1811,-50.2056,56.55,76,89,10.87,overcast clouds
181,Isiolo,KE,0.3546,37.5822,80.33,40,55,13.56,broken clouds
182,Powell,US,40.1578,-83.0752,84.9,81,20,1.01,few clouds
183,Morant Bay,JM,17.8815,-76.4093,87.42,76,81,15.28,broken clouds
184,Mosquera,CO,4.7059,-74.2302,57.29,77,75,0.0,broken clouds
185,Ribeira Grande,PT,38.5167,-28.7,68.4,73,20,20.71,few clouds
186,Ilhabela,BR,-23.7781,-45.3581,67.23,60,100,7.27,overcast clouds
187,Ape,LV,57.5393,26.6929,65.71,60,100,4.99,overcast clouds
188,Haines Junction,CA,60.7522,-137.5108,39.15,100,100,1.14,overcast clouds
189,Longyearbyen,SJ,78.2186,15.6401,40.84,70,75,8.05,broken clouds
190,Talnakh,RU,69.4865,88.3972,64.76,61,91,1.74,overcast clouds
191,Cockburn Town,TC,21.4612,-71.1419,84.16,70,40,11.5,scattered clouds
192,Ambilobe,MG,-13.2,49.05,76.28,70,63,0.92,broken clouds
193,Srednekolymsk,RU,67.45,153.6833,55.63,53,0,7.78,clear sky
194,Solnechnyy,RU,50.7214,136.6319,58.39,77,89,4.85,overcast clouds
195,Tiksi,RU,71.6872,128.8694,45.03,67,100,2.86,overcast clouds
196,Karratha,AU,-20.7377,116.8463,73.94,65,0,4.59,clear sky
197,Cabedelo,BR,-6.9811,-34.8339,84.87,74,26,9.84,scattered clouds
198,Saint-Francois,FR,46.4154,3.9054,81.68,34,0,4.61,clear sky
199,Vestmannaeyjar,IS,63.4427,-20.2734,49.19,100,100,16.11,fog
200,Tshane,BW,-24.0196,21.8684,71.76,23,4,10.54,clear sky
201,Port Elizabeth,ZA,-33.918,25.5701,69.31,59,0,4.61,clear sky
202,Sitka,US,57.0531,-135.33,49.78,89,100,2.28,overcast clouds
203,Mar Del Plata,AR,-38.0023,-57.5575,59.09,62,78,6.91,broken clouds
204,Shache,CN,38.4167,77.2406,85.86,19,100,18.52,overcast clouds
205,Sarankhola,BD,22.3082,89.7897,83.95,85,41,11.21,scattered clouds
206,Homer,US,59.6425,-151.5483,53.04,71,78,5.99,broken clouds
207,Omsukchan,RU,62.5333,155.8,35.8,87,7,3.74,clear sky
208,Palkonda,IN,18.6,83.75,89.28,62,30,4.34,scattered clouds
209,Vardo,NO,70.3705,31.1107,49.98,66,40,10.36,scattered clouds
210,Mareeba,AU,-17.0,145.4333,61.52,96,41,2.68,scattered clouds
211,Carnarvon,AU,-24.8667,113.6333,68.22,56,0,14.23,clear sky
212,San Borja,BO,-14.8167,-66.85,71.92,50,0,4.23,clear sky
213,Shaowu,CN,27.3409,117.4831,69.64,99,100,1.83,moderate rain
214,Torbay,CA,47.6666,-52.7314,59.88,77,40,8.05,scattered clouds
215,Port Hardy,CA,50.6996,-127.4199,48.38,87,100,0.0,overcast clouds
216,Rawson,AR,-43.3002,-65.1023,58.06,26,100,8.88,overcast clouds
217,Mitsamiouli,KM,-11.3847,43.2844,78.42,71,7,6.38,clear sky
218,Pekalongan,ID,-6.8886,109.6753,76.01,81,100,2.71,overcast clouds
219,Hobyo,SO,5.3505,48.5268,80.38,72,90,28.61,overcast clouds
220,Pasighat,IN,28.0667,95.3333,74.93,94,94,3.06,overcast clouds
221,Priargunsk,RU,50.3691,119.1012,58.08,92,64,2.55,broken clouds
222,Nirmal,IN,19.1,78.35,88.36,49,78,6.24,broken clouds
223,Sinnamary,GF,5.3833,-52.95,84.07,69,55,5.88,broken clouds
224,Mazamari,PE,-11.3258,-74.5308,72.73,65,85,2.08,overcast clouds
225,Lowestoft,GB,52.4752,1.7516,68.25,66,54,7.81,broken clouds
226,Juli,PE,-16.2167,-69.45,44.06,18,0,2.42,clear sky
227,Saskylakh,RU,71.9167,114.0833,62.94,42,18,5.53,few clouds
228,Samarai,PG,-10.6167,150.6667,81.54,76,55,13.13,broken clouds
229,Eirunepe,BR,-6.6603,-69.8736,72.19,62,96,4.79,overcast clouds
230,Fare,PF,-16.7,-151.0167,79.56,66,42,19.91,scattered clouds
231,Edinburg,GB,55.9521,-3.1965,61.11,70,75,12.66,broken clouds
232,Maridi,SS,4.9158,29.4742,78.87,65,79,3.65,broken clouds
233,Byron Bay,AU,-28.65,153.6167,51.94,83,70,4.23,broken clouds
234,Mamlyutka,KZ,54.9375,68.5394,60.01,73,7,9.57,clear sky
235,Pitkyaranta,RU,61.5734,31.4792,58.01,65,56,8.99,broken clouds
236,Calvinia,ZA,-31.4707,19.776,53.31,54,100,19.51,overcast clouds
237,Kuala Terengganu,MY,5.3302,103.1408,80.55,83,20,5.01,few clouds
238,Bilibino,RU,68.0546,166.4372,47.61,41,35,5.21,scattered clouds
239,Latung,PH,5.5,120.8833,84.02,66,93,2.42,overcast clouds
240,Chuy,UY,-33.6971,-53.4616,58.86,69,2,3.56,clear sky
241,Severo-Kurilsk,RU,50.6789,156.125,42.67,94,86,12.06,overcast clouds
242,Cotonou,BJ,6.3654,2.4183,85.98,74,20,16.11,few clouds
243,La Palma,US,33.8464,-118.0467,68.9,92,100,6.91,drizzle
244,Progreso,MX,21.2833,-89.6667,87.12,65,77,10.22,broken clouds
245,Kodiak,US,57.79,-152.4072,47.77,83,100,9.55,overcast clouds
246,Bathsheba,BB,13.2167,-59.5167,86.61,70,40,25.32,scattered clouds
247,Flinders,AU,-34.5833,150.8552,46.18,79,1,1.01,clear sky
248,Souillac,MU,-20.5167,57.5167,73.78,68,40,14.97,scattered clouds
249,Kwinana,AU,-32.25,115.7667,58.17,70,100,8.97,overcast clouds
250,Secunda,ZA,-26.55,29.1667,56.89,23,0,5.48,clear sky
251,Taree,AU,-31.9,152.4667,45.5,91,3,3.89,clear sky
252,Wanning,CN,18.8003,110.3967,80.96,93,99,9.28,overcast clouds
253,Bac Lieu,VN,9.285,105.7244,83.03,78,93,8.34,overcast clouds
254,Coihaique,CL,-45.5752,-72.0662,39.81,93,100,6.91,fog
255,Chapais,CA,49.7834,-74.8492,56.98,70,86,5.82,overcast clouds
256,Manzil Salim,TN,35.8567,8.4765,90.57,14,0,10.98,clear sky
257,Gayny,RU,60.3071,54.3241,64.35,42,12,3.78,few clouds
258,Quesnel,CA,52.9999,-122.5029,50.5,66,75,10.36,broken clouds
259,Banjar,ID,-8.19,114.9675,77.67,90,98,3.38,overcast clouds
260,Lagoa,PT,39.05,-27.9833,62.89,78,6,12.86,clear sky
261,Mayo,US,38.8876,-76.5119,88.18,78,0,5.75,clear sky
262,Ketchikan,US,55.3422,-131.6461,48.67,93,100,3.44,overcast clouds
263,Sarangani,PH,5.4033,125.4636,83.55,69,100,4.88,overcast clouds
264,Pathein,MM,16.7833,94.7333,79.45,89,97,4.41,overcast clouds
265,Puerto Ayora,EC,-0.7393,-90.3518,75.16,90,96,7.0,overcast clouds
266,Paamiut,GL,61.994,-49.6678,35.6,80,13,32.84,few clouds
267,Anchorage,US,61.2181,-149.9003,54.68,81,20,5.99,smoke
268,Taylorville,US,39.5489,-89.2945,88.83,79,0,10.36,clear sky
269,Acarau,BR,-2.8856,-40.12,83.82,67,28,12.37,scattered clouds
270,Wilmington,US,34.2257,-77.9447,89.98,71,0,8.05,clear sky
271,Belmonte,BR,-15.8631,-38.8828,80.22,65,19,7.18,few clouds
272,Caceres,ES,39.522,-6.3748,105.01,11,61,9.8,broken clouds
273,Beringovskiy,RU,63.05,179.3167,39.81,87,98,9.22,overcast clouds
274,Pitimbu,BR,-7.4706,-34.8086,84.79,71,14,8.99,few clouds
275,Salem,IN,11.65,78.1667,87.03,52,97,5.66,overcast clouds
276,Yumen,CN,40.2833,97.2,75.38,7,0,17.02,clear sky
277,Aviles,ES,43.5547,-5.9248,69.19,78,75,13.8,broken clouds
278,Ayios Ioannis,CY,34.8959,33.0204,67.01,56,34,10.67,scattered clouds
279,Deputatskiy,RU,69.3,139.9,51.04,57,25,4.34,scattered clouds
280,Lorengau,PG,-2.0226,147.2712,82.6,74,67,11.92,broken clouds
281,Mochudi,BW,-24.4167,26.15,73.99,28,0,4.94,clear sky
282,Najran,SA,17.4924,44.1277,102.85,8,11,13.94,few clouds
283,Dharur,IN,18.8167,76.1167,85.46,47,96,11.05,overcast clouds
284,Havelock,US,34.8791,-76.9013,87.75,83,19,5.01,few clouds
285,Ekibastuz,KZ,51.6667,75.3667,71.91,51,56,4.05,broken clouds
286,Vila Franca Do Campo,PT,37.7167,-25.4333,68.2,70,31,11.34,scattered clouds
287,Gao,ML,16.6362,1.637,105.66,15,3,7.9,clear sky
288,Dukat,RU,62.55,155.55,35.38,80,6,3.36,clear sky
289,Boddam,GB,57.4667,-1.7833,64.44,89,100,5.53,overcast clouds
290,Omagh,GB,54.6,-7.3,59.22,65,100,9.73,overcast clouds
291,Bonfim,BR,3.0833,-59.95,82.53,70,67,2.04,broken clouds
292,Nizhniy Tsasuchey,RU,50.5167,115.1333,59.27,65,45,4.54,scattered clouds
293,Ndjole,GA,-0.1783,10.7649,82.36,76,100,3.53,light rain
294,Itaituba,BR,-4.2761,-55.9836,84.36,74,75,4.61,broken clouds
295,Hvide Sande,DK,56.0045,8.1294,60.1,67,75,16.11,broken clouds
296,Carauari,BR,-4.8828,-66.8958,77.13,64,84,5.97,broken clouds
297,Celestun,MX,20.8667,-90.4,84.6,64,98,9.98,overcast clouds
298,Kichera,RU,55.9375,110.0997,53.37,93,67,2.66,light rain
299,Mlonggo,ID,-6.5333,110.7,78.13,82,100,4.45,overcast clouds
300,Buala,SB,-8.145,159.5921,78.69,84,100,5.66,overcast clouds
301,Mahenge,TZ,-8.6833,36.7167,68.11,53,51,2.08,broken clouds
302,Mitu,CO,1.1983,-70.1733,69.01,99,100,1.5,overcast clouds
303,Tilichiki,RU,60.4667,166.1,41.54,79,68,4.27,broken clouds
304,Ribas Do Rio Pardo,BR,-20.4431,-53.7592,67.19,30,6,6.64,clear sky
305,Victoria,HK,22.2855,114.1577,84.96,86,93,11.99,moderate rain
306,Sabancuy,MX,18.9667,-91.1833,83.93,65,56,9.15,broken clouds
307,Korla,CN,41.7597,86.1469,89.33,8,0,3.4,clear sky
308,Husavik,IS,66.0449,-17.3389,53.49,71,99,7.63,overcast clouds
309,Ostersund,SE,63.1792,14.6357,59.61,62,0,5.75,clear sky
310,Nabire,ID,-3.3667,135.4833,75.38,94,99,3.94,overcast clouds
311,Khorixas,NA,-20.3667,14.9667,79.95,21,1,13.53,clear sky
312,Neepawa,CA,50.2289,-99.4664,59.4,93,100,6.8,moderate rain
313,Pitanga,BR,-24.7572,-51.7614,56.84,54,0,5.21,clear sky
314,College,US,64.8569,-147.8028,61.2,73,75,6.91,haze
315,Aksarka,RU,66.5606,67.7975,41.95,85,100,20.22,light rain
316,Victor Harbor,AU,-35.5667,138.6167,49.68,75,60,9.71,light rain
317,Habra,IN,22.8344,88.6275,91.96,65,90,18.77,overcast clouds
318,Bengkulu,ID,-3.8004,102.2655,76.95,85,97,3.44,moderate rain
319,Kununurra,AU,-15.7667,128.7333,55.38,82,0,1.14,clear sky
320,Adrar,MR,20.5022,-10.0711,105.75,14,14,5.53,few clouds
321,Hualmay,PE,-11.0964,-77.6139,64.2,77,70,5.19,broken clouds
322,Bogovarovo,RU,58.9785,47.0246,67.48,53,29,2.01,scattered clouds
323,Tateyama,JP,34.9833,139.8667,67.1,70,100,13.44,overcast clouds
324,Abu Samrah,SY,35.3029,37.1841,77.97,43,0,24.4,clear sky
325,Thinadhoo,MV,0.5333,72.9333,84.06,70,75,5.41,broken clouds
326,Sao Filipe,CV,14.8961,-24.4956,76.35,68,1,15.77,clear sky
327,Lianran,CN,24.9227,102.485,57.74,81,100,9.15,moderate rain
328,Tampilisan,PH,8.0167,122.6833,74.25,91,100,1.07,overcast clouds
329,Pronsk,RU,54.1048,39.6092,67.37,81,83,8.05,broken clouds
330,Carballo,ES,43.213,-8.691,88.02,68,20,9.13,few clouds
331,Ishigaki,JP,24.3448,124.1572,82.53,100,75,11.5,broken clouds
332,Iskateley,RU,67.6803,53.1512,63.5,32,100,11.45,overcast clouds
333,Zhezkazgan,KZ,47.8043,67.7144,78.78,27,75,20.13,broken clouds
334,Leshukonskoye,RU,64.8989,45.7622,65.61,58,100,8.48,overcast clouds
335,Tezu,IN,27.9167,96.1667,73.81,96,100,3.42,overcast clouds
336,Senekal,ZA,-28.3197,27.6208,55.9,36,93,5.41,overcast clouds
337,Gat,IL,31.61,34.7642,79.79,100,0,12.8,clear sky
338,The Valley,AI,18.217,-63.0578,87.66,65,40,18.41,scattered clouds
339,San Cristobal,VE,7.7669,-72.225,73.58,76,83,6.31,broken clouds
340,Qiongshan,CN,20.0058,110.3542,82.38,94,0,2.24,clear sky
341,Ericeira,PT,38.9627,-9.4156,91.06,45,0,8.05,clear sky
342,Fortuna,US,40.5982,-124.1573,55.92,82,100,9.22,overcast clouds
343,Tura,IN,25.5198,90.2201,74.41,96,98,4.07,overcast clouds
344,Manggar,ID,-2.8833,108.2667,80.58,77,56,3.44,broken clouds
345,Faanui,PF,-16.4833,-151.75,79.32,66,7,19.89,clear sky
346,Crestview,US,30.7621,-86.5705,87.35,79,40,5.75,scattered clouds
347,Lompoc,US,34.6391,-120.4579,65.57,85,86,5.01,overcast clouds
348,Saldanha,ZA,-33.0117,17.9442,57.25,92,100,20.09,moderate rain
349,Shelburne,CA,44.0787,-80.2041,68.76,54,65,4.34,broken clouds
350,Georgetown,MY,5.4112,100.3354,84.15,79,20,5.01,few clouds
351,Zelenogradsk,RU,54.9589,20.4767,60.96,77,75,8.95,broken clouds
352,Okha,RU,53.5739,142.9478,50.92,71,94,9.4,overcast clouds
353,Salym,RU,60.0625,71.4789,52.21,93,99,6.22,overcast clouds
354,Verkhoyansk,RU,67.5447,133.385,56.68,70,100,4.83,overcast clouds
355,Anderson,US,34.5334,-82.6499,90.7,57,0,8.05,clear sky
356,Yamada,JP,39.4667,141.95,51.84,93,66,5.55,broken clouds
357,Port Townsend,US,48.117,-122.7605,54.9,83,100,1.99,overcast clouds
358,Roald,NO,62.5833,6.1333,54.91,93,100,12.66,overcast clouds
359,Glace Bay,CA,46.1969,-59.957,71.78,72,75,5.01,broken clouds
360,Batticaloa,LK,7.7102,81.6924,83.44,74,87,3.51,overcast clouds
361,Airai,TL,-8.9266,125.4092,58.5,93,82,3.24,broken clouds
362,Afua,BR,-0.1567,-50.3867,86.02,62,11,3.09,few clouds
363,Dolores,AR,-36.3132,-57.6792,59.04,45,52,9.46,broken clouds
364,Cherskiy,RU,68.75,161.3,56.25,38,40,3.22,scattered clouds
365,Yakima,US,46.4665,-120.6678,55.18,59,100,1.01,overcast clouds
366,Pavlodar,KZ,52.3,76.95,76.8,44,40,13.42,light rain
367,Olafsvik,IS,64.8945,-23.7142,49.6,96,100,16.96,overcast clouds
368,Piney Green,US,34.716,-77.3202,89.02,84,75,4.61,broken clouds
369,Desaguadero,PE,-16.5656,-69.0417,43.23,20,0,3.47,clear sky
370,Chilca,PE,-12.5211,-76.7372,63.5,78,95,6.11,overcast clouds
371,Guerrero Negro,MX,27.9769,-114.0611,65.41,78,87,11.61,overcast clouds
372,Nantucket,US,41.2835,-70.0995,71.15,95,100,10.38,overcast clouds
373,Sechura,PE,-5.5569,-80.8222,68.45,68,36,8.08,scattered clouds
374,Ilulissat,GL,69.2167,-51.1,34.14,70,99,9.51,overcast clouds
375,Ojinaga,MX,29.5667,-104.4167,93.58,27,0,8.05,clear sky
376,Itoman,JP,26.1247,127.6694,81.37,92,75,20.71,mist
377,Mecca,SA,21.4267,39.8261,101.71,19,5,15.88,clear sky
378,Lazaro Cardenas,MX,17.9583,-102.2,84.65,65,75,2.3,broken clouds
379,Muncar,ID,-8.4333,114.3333,77.07,90,100,3.98,overcast clouds
380,Pahrump,US,36.2083,-115.9839,79.45,37,0,8.99,clear sky
381,Lumut,MY,4.2323,100.6298,82.42,89,40,0.0,light rain
382,Berdigestyakh,RU,62.0989,126.6992,46.62,90,62,4.63,broken clouds
383,Nanortalik,GL,60.1432,-45.2371,37.96,74,7,27.78,clear sky
384,Evensk,RU,61.95,159.2333,39.11,94,17,1.97,few clouds
385,Pascagoula,US,30.3658,-88.5561,88.56,80,78,8.03,broken clouds
386,Hamilton,US,39.1834,-84.5333,87.66,80,18,1.01,few clouds
387,Rorvik,NO,64.8621,11.2373,50.45,93,100,21.97,overcast clouds
388,Channel-Port Aux Basques,CA,47.5702,-59.1367,53.06,87,49,13.98,scattered clouds
389,Trat,TH,12.5,102.5,84.87,89,71,0.96,broken clouds
390,Port Moresby,PG,-9.4431,147.1797,76.66,89,45,8.72,scattered clouds
391,Clearwater,US,27.9659,-82.8001,89.04,74,40,7.0,scattered clouds
392,Bafia,CM,4.75,11.2333,83.28,64,53,5.35,broken clouds
393,Eyl,SO,7.9803,49.8164,88.09,52,80,20.85,broken clouds
394,Kanigoro,ID,-8.13,112.219,73.49,97,100,2.33,overcast clouds
395,Jilib,SO,0.4883,42.7854,78.13,74,100,10.09,overcast clouds
396,Kathu,TH,7.9178,98.3332,86.7,99,31,10.11,scattered clouds
397,Muli,MV,2.9167,73.5667,83.57,72,100,6.15,overcast clouds
398,Palana,RU,59.1167,159.9667,38.46,93,100,2.04,overcast clouds
399,Wladyslawowo,PL,54.7909,18.4009,66.0,65,86,17.34,overcast clouds
400,Kurgunta,IN,17.2,77.35,91.89,38,56,11.88,broken clouds
401,Nome,US,64.5011,-165.4064,39.16,94,100,8.25,overcast clouds
402,Hokitika,NZ,-42.7167,170.9667,50.76,73,90,24.43,overcast clouds
403,Awjilah,LY,29.1081,21.2869,90.7,24,0,15.86,clear sky
404,Matagami,CA,49.7502,-77.6328,57.31,94,100,9.22,overcast clouds
405,Chake Chake,TZ,-5.2459,39.7666,77.61,72,52,11.86,broken clouds
406,Vega De Alatorre,MX,20.0333,-96.6333,86.11,62,100,7.78,overcast clouds
407,Parrita,CR,9.5201,-84.3225,78.42,80,100,2.19,overcast clouds
408,Havoysund,NO,70.9963,24.6622,44.83,86,95,12.46,overcast clouds
409,San Rafael Del Sur,NI,11.8485,-86.4384,74.37,96,100,8.79,overcast clouds
410,Manzhouli,CN,49.6,117.4333,58.1,85,25,6.13,scattered clouds
411,Mnogovershinnyy,RU,53.9353,139.9242,53.92,82,89,3.02,overcast clouds
412,Birin,NP,26.8865,88.0718,65.39,89,70,4.05,broken clouds
413,Kosh-Agach,RU,50.0,88.6667,57.36,79,100,4.7,overcast clouds
414,Kieta,PG,-6.2167,155.6333,78.12,82,20,4.74,few clouds
415,Afumati,RO,44.5167,26.2667,84.06,62,20,16.11,few clouds
416,Oskemen,KZ,49.9565,82.6119,67.96,82,100,4.47,overcast clouds
417,Coahuayana,MX,18.7333,-103.6833,85.82,55,69,1.3,broken clouds
418,Boma,GH,7.0805,-2.1697,90.18,46,53,2.13,broken clouds
419,Diamantino,BR,-14.4086,-56.4461,72.0,32,47,7.54,scattered clouds
420,Saint George,US,37.1041,-113.5841,85.62,29,1,10.0,clear sky
421,Minab,IR,27.1467,57.0801,91.78,57,41,10.6,scattered clouds
422,Port Lincoln,AU,-34.7333,135.8667,57.72,55,98,17.54,light rain
423,Leningradskiy,RU,69.3833,178.4167,32.02,91,100,6.87,overcast clouds
424,Poya,NC,-21.35,165.15,71.37,89,100,6.8,overcast clouds
425,Wroclaw,PL,51.1,17.0333,72.82,55,20,11.5,few clouds
426,Mwene-Ditu,CD,-7.0,23.45,86.2,29,4,2.86,clear sky
427,Ust-Ilimsk,RU,58.0006,102.6619,58.33,94,22,5.08,few clouds
428,Capitan Bado,PY,-23.2667,-55.5333,58.93,43,0,5.64,clear sky
429,Monroe,US,43.1501,-77.6831,70.99,68,80,1.99,broken clouds
430,Orahovac,XK,42.3994,20.6547,80.46,58,51,7.36,broken clouds
431,Shieli,KZ,44.1667,66.75,86.11,19,69,8.39,broken clouds
432,Touros,BR,-5.1989,-35.4608,84.4,61,22,14.34,few clouds
433,Sochi,RU,43.6,39.7303,78.89,74,85,6.44,overcast clouds
434,Libreville,GA,0.3925,9.4537,81.37,72,100,9.26,light rain
435,Codrington,AU,-38.2667,141.9667,44.8,80,95,8.1,overcast clouds
436,Walvis Bay,NA,-22.9575,14.5053,62.1,66,0,7.0,clear sky
437,Bara,NG,10.3744,10.7288,93.6,38,100,3.4,overcast clouds
438,Riyadh,SA,24.6877,46.7219,107.74,7,0,6.11,clear sky
439,Port Hedland,AU,-20.3167,118.5667,64.45,77,0,4.61,clear sky
440,Half Moon Bay,US,37.4636,-122.4286,62.91,78,0,17.27,mist
441,Shediac,CA,46.2198,-64.5411,65.08,98,100,5.7,moderate rain
442,Tuatapere,NZ,-46.1333,167.6833,45.86,80,100,19.89,light rain
443,Tarbagatay,RU,51.4803,107.3602,62.13,57,78,3.15,broken clouds
444,Kautokeino,NO,69.0125,23.0412,60.4,54,94,8.68,overcast clouds
445,Khromtau,KZ,50.2503,58.4347,56.71,66,43,15.26,scattered clouds
446,Atar,MR,20.5169,-13.0499,111.16,9,33,3.29,scattered clouds
447,Tautira,PF,-17.7333,-149.15,79.09,66,96,19.66,overcast clouds
448,Abu Dhabi,AE,24.4667,54.3667,90.97,76,0,1.99,clear sky
449,Comodoro Rivadavia,AR,-45.8667,-67.5,55.51,53,98,27.78,overcast clouds
450,Fairbanks,US,64.8378,-147.7164,61.21,66,19,3.11,few clouds
451,Lulea,SE,65.5842,22.1547,64.47,59,0,6.91,clear sky
452,Saint-Pierre,RE,-21.3393,55.4781,73.08,68,0,19.57,clear sky
453,Taveta,KE,-3.3963,37.6736,76.35,51,97,12.77,overcast clouds
454,Balkanabat,TM,39.5108,54.3671,99.7,14,26,9.19,scattered clouds
455,Skarzysko-Kamienna,PL,51.1131,20.8716,60.39,91,93,12.93,overcast clouds
456,Kyren,RU,51.6828,102.1408,62.73,82,97,1.32,overcast clouds
457,Quatre Cocos,MU,-20.2078,57.7625,73.09,69,60,18.81,broken clouds
458,Bayan,CN,46.0833,127.4,61.0,85,100,8.21,overcast clouds
459,Redlands,US,34.0556,-117.1825,81.93,71,0,4.0,clear sky
460,Kavaratti,IN,10.5669,72.642,83.25,75,100,14.58,light rain
461,Luba,GQ,3.4568,8.5547,82.29,80,55,8.37,light rain
462,Umm Lajj,SA,25.0213,37.2685,87.28,49,0,15.86,clear sky
463,Laguna,US,38.421,-121.4238,67.32,52,0,13.8,clear sky
464,Catuday,PH,16.2923,119.8062,81.91,74,99,4.18,light rain
465,Jiutai,CN,44.1525,125.8328,62.91,89,100,8.37,overcast clouds
466,Haapiti,PF,-17.5667,-149.8667,73.13,65,48,19.77,scattered clouds
467,Kisangani,CD,0.5167,25.2,85.82,58,54,1.99,broken clouds
468,Manjacaze,MZ,-24.7117,33.8828,68.54,66,0,4.36,clear sky
469,Sola,VU,-13.8833,167.55,80.49,79,100,13.04,overcast clouds
470,Ranong,TH,9.9658,98.6348,80.01,84,33,3.38,scattered clouds
471,Alwaye,IN,10.1167,76.35,80.55,89,40,3.44,mist
472,El Sauzal,MX,31.9,-116.6833,62.42,88,6,4.94,clear sky
473,Zhanaozen,KZ,43.3,52.8,84.9,25,97,8.25,overcast clouds
474,Begoro,GH,6.3871,-0.3774,83.7,56,98,2.24,overcast clouds
475,Slantsy,RU,59.1182,28.0914,63.91,68,23,8.3,few clouds
476,Aklavik,CA,68.2191,-135.0107,42.67,73,100,6.53,overcast clouds
477,Kupang,ID,-10.1667,123.5833,76.44,76,96,12.95,overcast clouds
478,Fort Pierce,US,27.4467,-80.3256,90.05,71,20,4.0,few clouds
479,Ostrovnoy,RU,68.0531,39.5131,52.27,89,100,7.14,moderate rain
480,Yiyang,CN,28.5892,112.3283,70.86,91,100,5.08,overcast clouds
481,Rameswaram,IN,9.2833,79.3,82.9,81,99,22.24,overcast clouds
482,Roma,US,43.2128,-75.4557,71.73,69,75,10.36,broken clouds
483,Alice Springs,AU,-23.7,133.8833,42.35,75,10,0.0,clear sky
484,Lippstadt,DE,51.6667,8.35,67.93,45,40,9.22,scattered clouds
485,Morondava,MG,-20.2833,44.2833,76.89,59,7,9.37,clear sky
486,Merauke,ID,-8.4667,140.3333,77.43,90,68,14.54,broken clouds
487,Surt,LY,31.2089,16.5887,77.65,62,0,11.54,clear sky
488,Elko,US,41.0002,-115.5012,50.23,63,4,1.01,clear sky
489,Gorontalo,ID,0.5412,123.0595,74.28,95,100,2.35,overcast clouds
490,Bereda,ES,43.2686,-7.5406,74.5,61,31,6.71,scattered clouds
491,Codajas,BR,-3.8367,-62.0569,74.43,94,99,2.95,overcast clouds
492,Calama,CL,-22.4667,-68.9333,66.85,2,0,7.56,clear sky
493,Kapit,MY,2.0167,112.9333,73.18,99,100,0.69,overcast clouds
494,Jutai,BR,-5.1833,-68.9,74.43,66,99,4.83,overcast clouds
495,Concordia,AR,-31.393,-58.0209,53.78,77,7,7.0,clear sky
496,Wanlaweyn,SO,2.6185,44.8938,82.99,50,99,21.5,overcast clouds
497,Oussouye,SN,12.485,-16.5469,90.39,50,34,11.61,scattered clouds
498,Mehamn,NO,71.0357,27.8492,44.06,88,100,17.47,overcast clouds
499,Cap Malheureux,MU,-19.9842,57.6142,73.47,69,24,7.0,few clouds
500,Saint Anthony,US,45.0205,-93.218,72.03,93,75,17.27,mist
501,Inyonga,TZ,-6.7167,32.0667,79.5,36,48,3.04,scattered clouds
502,Javanrud,IR,34.7961,46.5172,81.88,23,2,11.81,clear sky
503,Poienile De Sub Munte,RO,47.8167,24.4333,69.06,80,20,4.14,few clouds
504,Marquette,US,46.5333,-87.6335,56.16,75,100,7.9,overcast clouds
505,Irtyshskiy,RU,58.3333,68.1333,50.61,96,100,6.93,overcast clouds
506,Marica,BR,-22.9194,-42.8186,73.35,66,96,16.13,overcast clouds
507,Burnie,AU,-41.0667,145.9167,43.95,88,29,8.55,scattered clouds
508,Chunhuhub,MX,19.55,-88.6833,86.11,60,100,7.43,overcast clouds
509,Damghan,IR,36.1683,54.348,89.49,18,67,9.73,broken clouds
510,Qaqortoq,GL,60.7167,-46.0333,44.28,49,2,6.78,clear sky
511,Shenjiamen,CN,29.9576,122.298,69.82,93,100,4.29,overcast clouds
512,Jumla,NP,29.2747,82.1838,63.95,68,66,3.98,broken clouds
513,Manaus,BR,-3.1019,-60.025,77.49,83,75,4.61,broken clouds
514,Chimbote,PE,-9.0853,-78.5783,65.37,77,96,5.3,overcast clouds
515,Staraya Toropa,RU,56.2801,31.6702,68.29,45,79,6.96,broken clouds
516,Opunake,NZ,-39.4556,173.8583,53.11,69,61,28.97,broken clouds
517,Egvekinot,RU,66.3167,-179.1667,31.23,68,18,9.53,few clouds
518,Mahuva,IN,21.0914,71.7622,84.22,75,13,14.25,few clouds
519,Sungairaya,ID,0.7,108.9,77.16,89,100,4.23,moderate rain
520,Barentu,ER,15.1139,37.5928,91.0,29,95,4.81,overcast clouds
521,San Ramon,US,37.7799,-121.978,62.49,75,17,1.01,few clouds
522,Kesan,TR,40.8558,26.6303,82.9,45,62,16.13,broken clouds
523,West Lafayette,US,40.4259,-86.9081,87.58,87,100,6.91,overcast clouds
524,Kodinsk,RU,58.6881,99.1844,64.13,63,44,2.08,scattered clouds
525,Boda,CF,4.3189,17.4695,72.64,87,100,1.83,overcast clouds
526,Panaba,MX,21.2833,-88.2667,88.77,53,56,13.65,broken clouds
527,Kushima,JP,31.4583,131.2333,66.83,96,100,12.97,heavy intensity rain
528,Beatrice,US,40.2681,-96.747,90.18,61,0,9.22,clear sky
529,Hofn,IS,64.2539,-15.2082,50.02,93,100,8.05,overcast clouds
530,Inhambane,MZ,-23.865,35.3833,70.52,77,0,8.55,clear sky
531,Ayia Marina,GR,37.75,23.5333,88.41,55,17,15.97,few clouds
532,Itaqui,BR,-29.1253,-56.5531,55.27,62,0,5.91,clear sky
533,Kungsbacka,SE,57.4872,12.0761,61.0,72,9,21.99,clear sky
534,Gazojak,TM,41.1875,61.4036,92.19,11,78,6.22,broken clouds
535,Quibor,VE,9.9287,-69.6201,81.09,54,100,8.75,overcast clouds
536,Lufkin,US,31.3382,-94.7291,84.47,79,40,11.5,scattered clouds
537,Murgab,TM,37.4966,61.9714,92.89,17,0,5.84,clear sky
538,Middletown,US,39.5151,-84.3983,87.55,77,0,4.61,clear sky
539,Xining,CN,36.6167,101.7667,57.96,37,0,2.1,clear sky
540,Chegdomyn,RU,51.1167,133.0167,57.87,73,100,4.5,overcast clouds
541,Northam,GB,51.0333,-4.2167,62.65,70,70,9.35,broken clouds
542,Weihe,CN,32.9952,105.3247,59.36,71,92,5.95,overcast clouds
543,Gamba,GA,-2.65,10.0,79.32,69,81,10.76,broken clouds
544,Kortkeros,RU,61.8106,51.5806,69.8,39,34,2.33,scattered clouds
545,Okitipupa,NG,6.5047,4.7839,84.97,65,90,7.54,overcast clouds
546,Rockingham,US,42.9668,-71.0995,80.1,75,97,1.99,overcast clouds
547,Mende,FR,44.6667,3.5,74.17,44,11,9.42,few clouds
548,Kropotkin,RU,45.4375,40.5756,77.09,50,100,9.48,overcast clouds
549,Along,IN,28.1667,94.7667,72.48,98,97,0.98,overcast clouds
550,Manokwari,ID,-0.8667,134.0833,79.9,76,30,6.35,scattered clouds
551,Vakhtan,RU,57.9659,46.6889,67.44,55,10,4.79,clear sky
552,Andenes,NO,69.3143,16.1194,48.18,87,75,9.22,broken clouds
553,Turukhansk,RU,65.8167,87.9833,63.61,79,76,8.48,broken clouds
554,Isangel,VU,-19.55,169.2667,76.06,88,100,3.94,overcast clouds
555,Panchagarh,BD,26.3313,88.562,79.0,94,85,8.86,overcast clouds
556,Planeta Rica,CO,8.4147,-75.5883,78.04,86,97,3.29,overcast clouds
557,Te Anau,NZ,-45.4167,167.7167,44.31,91,100,12.53,light rain
558,Rujewa,TZ,-8.7,34.3833,76.69,35,59,6.69,broken clouds
559,Toora-Khem,RU,52.4675,96.11,58.01,92,100,2.44,overcast clouds
560,Nerchinskiy Zavod,RU,51.3088,119.61,55.71,86,85,3.33,overcast clouds
561,Alegrete,BR,-29.7831,-55.7919,55.71,57,0,5.77,clear sky
562,Great Falls,US,47.5002,-111.3008,58.66,77,75,10.36,broken clouds
563,Hammerfest,NO,70.6634,23.6821,46.85,76,75,5.75,broken clouds
564,Nikolsk,RU,53.7189,46.0712,67.93,62,7,1.07,clear sky
565,Kidal,ML,18.4411,1.4078,107.01,11,7,1.19,clear sky
566,Kemijarvi,FI,66.7131,27.4306,65.16,47,96,3.15,overcast clouds
567,Koratagere,IN,13.5228,77.2331,80.56,59,98,9.71,overcast clouds
568,Vacaria,BR,-28.5122,-50.9339,52.68,74,1,5.12,clear sky
569,Sumbe,AO,-11.2061,13.8437,78.35,64,14,9.57,few clouds
570,Puri,IN,19.8,85.85,88.32,86,65,13.85,broken clouds
571,Makat,KZ,47.6469,53.3463,77.02,26,0,14.2,clear sky
572,Kysyl-Syr,RU,63.8986,122.7617,48.7,99,100,3.89,overcast clouds
573,Muroto,JP,33.2833,134.15,66.02,90,100,17.02,moderate rain
574,Brae,GB,60.3964,-1.353,51.78,89,100,15.5,overcast clouds
575,San Quintin,MX,30.4833,-115.95,65.88,79,48,10.25,scattered clouds
576,Konstantinovskoye,RU,45.2992,42.6367,75.78,48,100,10.16,overcast clouds
577,Alappuzha,IN,9.49,76.3264,80.73,84,69,8.21,moderate rain
578,Hodmezovasarhely,HU,46.4167,20.3333,89.04,28,6,13.44,clear sky
579,Abeche,TD,13.8292,20.8324,98.02,25,100,4.34,overcast clouds
580,Banos,EC,-1.4,-78.4167,63.61,93,99,3.0,overcast clouds
581,Vila,PT,42.0304,-8.1588,85.69,54,39,4.94,scattered clouds
582,Mayya,RU,61.7333,130.2811,51.12,96,40,4.07,scattered clouds
583,Zhigansk,RU,66.7697,123.3711,48.65,92,8,8.21,clear sky
584,Bontang,ID,0.1333,117.5,80.49,75,47,2.86,scattered clouds
585,Kailua,US,21.4022,-157.7394,76.64,82,27,5.99,scattered clouds
586,Ternate,ID,0.8,127.4,81.03,78,92,4.03,overcast clouds
587,Kuusamo,FI,65.9667,29.1833,60.84,59,72,9.22,broken clouds
588,Marsa Matruh,EG,31.3525,27.2453,76.68,69,0,15.08,clear sky
589,Vila Velha,BR,-20.3297,-40.2925,73.35,70,75,11.5,broken clouds
590,Altay,CN,47.8667,88.1167,75.33,35,93,7.29,overcast clouds
591,Tuy Hoa,VN,13.0833,109.3,79.92,85,76,8.03,broken clouds
592,Hanyang,CN,32.1371,105.5126,69.4,71,100,1.41,overcast clouds
593,Scarborough,GB,54.2797,-0.4044,63.79,65,93,5.01,overcast clouds
594,Kanker,IN,20.2719,81.4931,85.66,59,91,5.32,overcast clouds
595,Constitucion,CL,-35.3333,-72.4167,51.44,83,100,1.48,overcast clouds
596,Kashan,IR,33.9831,51.4364,99.57,11,27,7.0,scattered clouds
597,Lakhimpur,IN,27.95,80.7667,102.24,15,0,9.24,clear sky
598,Sao Joao Da Barra,BR,-21.6403,-41.0511,75.29,50,100,15.08,overcast clouds
599,Porto Novo,BJ,6.4965,2.6036,83.32,71,100,10.18,overcast clouds
600,Sayyan,YE,15.1718,44.3244,78.22,12,87,9.73,overcast clouds
601,Isla Mujeres,MX,21.2311,-86.731,86.05,75,9,14.12,clear sky
602,Clyde River,CA,70.4692,-68.5914,34.63,78,96,5.66,overcast clouds
603,Mora,CM,11.0461,14.1401,94.3,30,87,6.13,overcast clouds
604,Batagay-Alyta,RU,67.8006,130.4114,54.43,64,99,3.96,overcast clouds
605,Henties Bay,NA,-22.116,14.2845,64.63,71,0,6.93,clear sky
606,Morwell,AU,-38.2333,146.4,44.4,89,34,0.58,scattered clouds
607,Vostok,RU,46.4856,135.8833,51.8,74,57,4.59,broken clouds
608,Superior,US,46.7208,-92.1041,60.44,96,100,17.27,mist
609,Taman,RU,45.2117,36.7161,78.15,59,87,20.07,overcast clouds
610,Bonthe,SL,7.5264,-12.505,82.13,72,100,9.17,light rain
611,Vestmanna,FO,62.1564,-7.1664,49.12,100,100,4.61,light rain
612,Ukiah,US,39.1502,-123.2078,57.09,70,0,10.36,clear sky
613,Mariestad,SE,58.7097,13.8237,64.87,59,17,15.61,few clouds
614,Cairns,AU,-16.9167,145.7667,66.15,68,12,8.05,few clouds
615,Oga,IT,46.4631,10.347,73.81,39,45,7.76,scattered clouds
616,Am Timan,TD,11.0297,20.2827,91.72,38,100,9.04,overcast clouds
617,Mogadishu,SO,2.0371,45.3438,79.68,79,96,19.42,overcast clouds
618,Ust-Maya,RU,60.4167,134.5333,47.93,97,72,4.16,broken clouds
619,Mjolby,SE,58.326,15.1237,66.11,39,83,13.09,broken clouds
620,Bend,US,44.0582,-121.3153,46.26,71,0,5.75,clear sky
621,San Jose,US,37.3394,-121.895,63.09,71,20,8.05,few clouds
622,Rajapur,IN,25.3833,81.15,103.1,24,9,14.88,clear sky
623,Sheopur,IN,25.6667,76.7,87.75,51,59,15.43,broken clouds
624,Senneterre,CA,48.3835,-77.2328,52.23,97,100,4.45,overcast clouds
625,Sainte-Anne-Des-Monts,CA,49.124,-66.4924,64.99,69,100,3.15,overcast clouds
626,Cancun,MX,21.1743,-86.8466,85.93,70,40,8.05,scattered clouds
627,Ginir,ET,7.1333,40.7,69.03,54,60,12.39,broken clouds
628,Arandas,MX,20.7,-102.35,66.7,59,5,1.54,clear sky
629,El Campo,US,29.1966,-96.2697,88.84,62,40,14.97,haze
630,Iralaya,HN,15.0,-83.2333,77.67,89,92,7.65,overcast clouds
631,Dwarka,IN,22.2394,68.9678,85.87,71,84,6.11,broken clouds
632,Karpathos,GR,35.507,27.2132,76.96,69,20,31.07,few clouds
633,Nueva Gerona,CU,21.8833,-82.8,86.14,62,7,13.24,clear sky
634,Marawi,PH,7.9986,124.2928,69.1,93,100,2.98,overcast clouds
635,Uthal,PK,25.8072,66.6219,86.72,65,3,10.89,clear sky
636,Huambo,AO,-12.7761,15.7392,75.36,20,2,4.5,clear sky
637,Narsaq,GL,60.9167,-46.05,48.42,50,4,0.81,clear sky
638,Madimba,TZ,-10.4,40.3333,77.11,70,36,12.82,scattered clouds
639,Ikom,NG,5.9667,8.7063,81.12,80,95,4.59,light rain
640,Alta Floresta,BR,-9.8756,-56.0861,82.08,46,31,5.44,scattered clouds
641,Pokhara,NP,28.2333,83.9833,77.45,60,8,6.73,clear sky
642,Goderich,CA,43.7501,-81.7165,57.9,67,64,3.78,broken clouds
643,Port Augusta,AU,-32.5,137.7667,50.47,69,7,13.02,clear sky
644,Matamoros,MX,25.5333,-103.25,84.31,32,0,13.8,clear sky
645,Salalah,OM,17.0151,54.0924,86.09,84,75,11.5,broken clouds
646,Yenagoa,NG,4.9247,6.2642,81.68,80,98,6.85,light rain
647,Jiaojiang,CN,28.6803,121.4428,72.0,99,100,0.38,overcast clouds
648,San Vicente,AR,-26.6167,-54.1333,57.74,47,0,3.96,clear sky
649,Kamenka,RU,51.3223,42.7678,73.8,49,61,3.13,broken clouds
650,Canning,IN,22.3189,88.6714,91.11,71,87,17.22,overcast clouds
651,Pampierstad,ZA,-27.7832,24.6877,65.77,32,100,10.71,overcast clouds
652,Okhotsk,RU,59.3833,143.3,42.28,94,100,8.39,overcast clouds
653,Sovetskiy,RU,61.3614,63.5842,55.49,64,100,10.38,overcast clouds
654,Coquimbo,CL,-29.9533,-71.3436,49.73,87,100,4.61,overcast clouds
655,Lismore,AU,-28.8135,153.2773,51.93,98,93,2.53,overcast clouds
656,Yakeshi,CN,49.2833,120.7333,54.54,94,84,5.23,broken clouds
657,Mandalgovi,MN,45.7625,106.2708,65.5,32,77,6.04,broken clouds
658,Khani,GE,41.9563,42.9566,69.37,93,98,0.6,overcast clouds
659,Iquique,CL,-20.2208,-70.1431,60.84,67,31,4.5,scattered clouds
660,Kenai,US,60.5544,-151.2583,49.08,93,100,8.05,mist
661,Ilek,RU,51.5271,53.3831,63.27,68,98,8.12,overcast clouds
662,Bonavista,CA,48.6499,-53.1147,45.59,77,66,5.57,broken clouds
663,Dunedin,NZ,-45.8742,170.5036,50.81,40,18,15.99,few clouds
664,Gari,RU,59.4307,62.3497,52.84,81,89,4.94,overcast clouds
665,Sulangan,PH,11.1373,123.7228,84.54,73,100,8.97,overcast clouds
666,San Blas,MX,21.5167,-105.2667,87.69,58,3,2.55,clear sky
667,Ngunguru,NZ,-35.6167,174.5,55.94,68,3,17.18,clear sky
668,Arroyo,ES,41.6096,-4.7969,98.15,21,0,4.61,clear sky
669,Kuopio,FI,62.8924,27.677,58.95,88,79,3.44,broken clouds
670,Puerto Del Rosario,ES,28.5004,-13.8627,74.95,73,20,13.8,few clouds
671,Nago,JP,26.5881,127.9761,81.45,89,98,15.95,overcast clouds
672,Nandgaon,IN,20.3167,74.65,84.9,59,90,11.59,overcast clouds
673,Seymchan,RU,62.8833,152.4333,41.94,75,0,4.7,clear sky
674,Kahului,US,20.8947,-156.47,76.84,79,0,18.41,clear sky
